sample_id,qid,type,verdict,question,expected_answer,unit_id,location,unit_text,judge_span_or_reason,agree,auditor_note
S001,P29,audio_only,dropped,"In the conclusion, which kinds of real-world videos does Focus use in its evaluations, and according to the spoken takeaway, how many times faster than the state-of-the-art query-time-only solution is it?","Traffic, surveillance, and news videos; 162 times faster.",osdi18-hsieh:p15:t0,osdi18-hsieh.pdf p.15,"series of classiﬁers. Viola et al. [88] is the earliest work that cascades a series of classiﬁers (from the simplest to the most complicated) to quickly disregard regions in an image. Many improvements follow (e.g., [58, 91, 92]). CNNs are also cascaded (e.g., [29,43,56,83]) to reduce object detection latency. Our work is different in two major ways. First, we decouple the compressed CNN from the GT-CNN, which enables us to choose from a wider range of ingest-time CNNs and thus enables better trade-offs between ingest cost and query latency, a key aspect of our work. Second, we cluster similar objects using CNN features to eliminate redundant work, which is an effective technique for video streams. 2) Context-speciﬁc model specialization. Context- speciﬁc specialization of models can improve accu- racy [63] or speed up inference [43, 51, 75]. Among these, the closest to our work is NoScope [51]. No- Scope optimizes for the speciﬁed class at query-time using lightweight binary classiﬁers. In contrast, Focus’ architec- ture splits work between ingest and query times, leading to two orders of magnitude lower latency (§6). To achieve these gains, Focus uses techniques to index all possible classes at ingest-time, and thus can handle any class that will get queried in the future. Focus’ indexing is espe- cially effective for less frequent object classes, which is arguably of more interest for",judge: text states none of the reference facts,,
S002,P29,audio_only,dropped,"In the conclusion, which kinds of real-world videos does Focus use in its evaluations, and according to the spoken takeaway, how many times faster than the state-of-the-art query-time-only solution is it?","Traffic, surveillance, and news videos; 162 times faster.",osdi18-hsieh:p15:t1,osdi18-hsieh.pdf p.15,"To achieve these gains, Focus uses techniques to index all possible classes at ingest-time, and thus can handle any class that will get queried in the future. Focus’ indexing is espe- cially effective for less frequent object classes, which is arguably of more interest for video querying systems. 3) Stream processing systems. Systems for general stream data processing (e.g., [1,18,22,25,31,32,61,66,86, 87,95]) and speciﬁc to video stream analytics (e.g., [96]) mainly focus on general stream processing challenges such as load shedding, fault tolerance, distributed exe- cution, or limited network bandwidth. In contrast, our work is speciﬁc to querying on recorded video data with ingest and query trade-offs, and, thus, mostly orthogonal. Focus coud be integrated with one of these general stream processing systems. 4) Video indexing and retrieval. A large body of work in multimedia and information retrieval research proposes various content-based video indexing and retrieval tech- niques to facilitate queries on videos (e.g., [46,55,80,81]). Among them, most works focus on indexing videos for different types of queries, such as shot boundary detection (e.g., [94]), semantic video search (e.g., [33,37,41]), video classiﬁcation (e.g., [27]), spatio-temporal information- based video retrieval (e.g., [38,70]) or subsequence simi- larity search (e.g., [76,97]). Some works (e.g., [36,79]) focus on the query interface to enable querying by key- words, concepts, or examples. These works are largely orthogonal to our work because we",judge: text states none of the reference facts,,
S003,P29,audio_only,dropped,"In the conclusion, which kinds of real-world videos does Focus use in its evaluations, and according to the spoken takeaway, how many times faster than the state-of-the-art query-time-only solution is it?","Traffic, surveillance, and news videos; 162 times faster.",osdi18-hsieh:p15:t2,osdi18-hsieh.pdf p.15,"classiﬁcation (e.g., [27]), spatio-temporal information- based video retrieval (e.g., [38,70]) or subsequence simi- larity search (e.g., [76,97]). Some works (e.g., [36,79]) focus on the query interface to enable querying by key- words, concepts, or examples. These works are largely orthogonal to our work because we focus on reducing cost and latency of CNN-based video queries, not on creating an indexing structure for new query types or query inter- faces. We believe our approach of splitting ingest-time and query-time work can be extended to many different types of video queries (§7). 5) Database indexing. Using index structures to reduce query latency [77] is a commonly-used technique in con- ventional databases (e.g., [26,54]), key-value databases (e.g., [62]), similarity search (e.g., [39,40]), graph queries (e.g., [93]), genome analysis (e.g., [21, 89]), and many others. Our Ingest-heavy and Ingest-NoScope baselines are also examples that index all video frames at ingest time. While queries are naturally faster with these baselines, they are too costly and are potentially wasteful for large- scale videos. In contrast, our work offers new trade-off options between ingest cost and query latency by creating low-cost approximate indexes at ingest time and retaining high accuracy with little work at query time. 9. Conclusion Answering queries of the form, ﬁnd me frames that con- tain objects of class X, is an important workload on recorded video datasets. Such",judge: text states none of the reference facts,,
S004,P20,audio_only,dropped,"In the experimental setup, what video datasets were used, and according to the paper, what default accuracy target does the system use for each query on the eight representative videos?",11 live traffic and enterprise videos; 99% recall and 99% precision.,osdi18-hsieh:p11:t1,osdi18-hsieh.pdf p.11,"with Microsoft Cognitive Toolkit 2.4 [64], an open-source deep learning system. Our ingest processor (§5.1) stores the approximate index in MongoDB [11] for efﬁcient retrieval at query time. Video Datasets. We evaluate 14 video streams that span across trafﬁc cameras, surveillance cameras, and news channels. We record each video stream for 12 hours to cover both day time and night time. Table 1 summarizes the video characteristics. We strengthen our evaluation by including down sampling (or frame skipping), one of the most straightforward approaches to reduce ingest cost and query latency, into our evaluation baseline. Speciﬁcally, as the vast majority of objects show up for at least one second in our evaluated videos, we evaluate each video at 1 fps instead of 30 fps. We ﬁnd that the object detection results at these two frame rates are almost the same. Each video is split evenly into a training set and a test set. The training set is used to train video-specialized CNNs and select system parameters. We then evaluate the systems with the test set. In some ﬁgures, we show results for only eight representative videos to improve legibility. Accuracy Target. We use YOLOv2 [68], a state-of-the- art object detector CNN, as our ground-truth CNN (GT- CNN): all objects detected by GT-CNN are considered to be the correct answers.4 For each query, our default accuracy",judge: text states none of the reference facts,,
S005,P20,audio_only,kept,"In the experimental setup, what video datasets were used, and according to the paper, what default accuracy target does the system use for each query on the eight representative videos?",11 live traffic and enterprise videos; 99% recall and 99% precision.,osdi18_slides_hsieh:p21:t0,osdi18_slides_hsieh.pdf p.21,Experimental Setup • Video Datasets • 11 live traffic and enterprise videos • Each video stream is evaluated for 12 hours • Accuracy Targets • 99% recall and 99% precision w.r.t. YOLOv2 • Baselines • Ingest-heavy: Analyzes all frames with YOLOv2 at ingest time and stores the inverted index for query • NoScope [VLDB’17]: A query-optimized system that analyzes frames only at query time 21,11 live traffic and enterprise videos,,
S006,P12,dropped(audio_only),dropped,"According to the lecture, what does the no scope baseline do at query time, including the mentioned frame downsampling?","It does all the optimizations at query time, including frame downsampling, skipping, and CNN specialization.",hsieh:a32,hsieh.mp3 14:09-14:34,"And the other baseline is no scope, that does all these optimizations that I mentioned, frame downsampling, skipping, CNN specialization, and does all the work at the query time. So let's first look at end to end performance. So here, I plot the results with X axis as the ingest cost, and the Y axis is the query latency. Obviously, the smaller is better.",judge: text states none of the reference facts,,
S007,P18,dropped(cross_modal_split),dropped,"In the Figure 10 discussion of representative static camera performance, what is the Avg speedup factor shown on the slide deck for Approximate indexing + Clustering, and according to the paper what kind of CNNs are the Focus techniques said to apply to?",89x; object detection CNNs,osdi18-hsieh:p13:t3,osdi18-hsieh.pdf p.13,"system (NoScope). On the other hand, Focus-Opt-Query reduces query latency even more (by 698×) but it is still 53× cheaper than Ingest-heavy. As these points in the design space are all good options compared to the base- lines, such ﬂexibility enables a user to tailor Focus for different contexts. For example, a camera that requires fast turnaround time for queries can use Focus-Opt-Query, while a video stream that will be queried rarely would choose Focus-Opt-Ingest to reduce the amount of wasted ingest cost in exchange for longer query latencies. Figure 12 shows the (I,Q) values for both Focus-Opt- Ingest (Opt-I) and Focus-Opt-Query (Opt-Q) for the repre- sentative videos. As the ﬁgure shows, the ﬂexibility to make different trade-offs exists in most other videos. On average, Focus-Opt-Ingest is 65× (up to 96×) cheaper than Ingest-heavy in ingest cost while providing 100× (up to 443×) faster queries. Focus-Opt-Query makes queries 202× (up to 698×) faster with a higher ingest cost (53× cheaper than Ingest-heavy). Note that there is no funda- mental limitation on the spread between Focus-Opt-Query and Focus-Opt-Ingest as we can expand the search space for ingest-time CNNs to further optimize ingest cost at the expense of query latency (or vice versa). We conclude that Focus enables ﬂexibly optimizing for ingest cost or query latency for application’s needs. 280 13th USENIX Symposium on Operating Systems Design",judge: text states none of the reference facts,,
S008,P18,dropped(cross_modal_split),dropped,"In the Figure 10 discussion of representative static camera performance, what is the Avg speedup factor shown on the slide deck for Approximate indexing + Clustering, and according to the paper what kind of CNNs are the Focus techniques said to apply to?",89x; object detection CNNs,osdi18-hsieh:p13:t1,osdi18-hsieh.pdf p.13,"query latency improvement. This is because approxi- mate indexing effectively eliminates irrelevant objects for each query and bypasses the query-time veriﬁcation for high-conﬁdence ingest predictions. As a result, only a small fraction of frames need to be resolved at query time. On average, approximate indexing alone is 114× faster than NoScope in query latency. Second, clustering is a very effective technique to fur- ther reduce query latency. Using clustering (on top of ap- proximate indexing) reduces the query latency by 195×, signiﬁcantly better than approximate indexing alone. We see that clustering is especially effective on surveillance videos (e.g., coral, lausanne, and oxford) because ob- jects in these videos tend to stay longer in the camera (e.g., “person” on a plaza compared to “car” in trafﬁc videos), and hence there is more redundancy in these videos. This gain comes with a negligible cost because we run our clustering algorithm (§4.3) on the otherwise idle CPUs of the ingest machine while the GPUs run the ingest-time CNN model. 6.4. Ingest Cost vs. Query Latency Trade-off One of the important features of Focus is the ﬂexibility to tune its system parameters to achieve different appli- cation goals (§4.4). Figure 11 (the zoom-in region of Figure 1) depicts three alternative settings for Focus that il- lustrate the trade-off space between ingest cost and query latency, using the oxford video",judge: text states none of the reference facts,,
S009,P17,dropped(cross_modal_split),dropped,"In the takeaways, what speedup over state-of-the-art query-time-only solutions is reported, and in §4.1 of the usenix paper what example cheap ingest-time CNN architectures are mentioned for classiﬁcation?",162X (up to 607X) faster; YOLO and Faster RCNN.,osdi18-hsieh:p6:c0,osdi18-hsieh.pdf p.6,Figure 4: Overview of Focus.,judge: text states none of the reference facts,,
S010,P18,dropped(cross_modal_split),dropped,"In the Figure 10 discussion of representative static camera performance, what is the Avg speedup factor shown on the slide deck for Approximate indexing + Clustering, and according to the paper what kind of CNNs are the Focus techniques said to apply to?",89x; object detection CNNs,osdi18-hsieh:p13:t4,osdi18-hsieh.pdf p.13,expand the search space for ingest-time CNNs to further optimize ingest cost at the expense of query latency (or vice versa). We conclude that Focus enables ﬂexibly optimizing for ingest cost or query latency for application’s needs. 280 13th USENIX Symposium on Operating Systems Design and Implementation USENIX Association,judge: text states none of the reference facts,,
S011,P17,dropped(cross_modal_split),kept,"In the takeaways, what speedup over state-of-the-art query-time-only solutions is reported, and in §4.1 of the usenix paper what example cheap ingest-time CNN architectures are mentioned for classiﬁcation?",162X (up to 607X) faster; YOLO and Faster RCNN.,osdi18_slides_hsieh:p26:t0,osdi18_slides_hsieh.pdf p.26,"Key Takeaways • Problem: Querying objects in massive videos is challenging • Our Approach: Low-latency query with low-cost ingest • Key Results • 57X (up to 92X) cheaper than ingest-time-only solutions • 162X (up to 607X) faster than state-of-the-art, query-time-only solutions 26 Objects Specialized, Compressed CNN CNN specialization Frames Frames Frames Top-K Index Ingest-time Query-time Querying for trucks Expensive CNN Frames with trucks Object clusters Top-K results Centroid objects","162X (up to 607X) faster than state-of-the-art, query-time-only solutions",,
S012,P07,dropped(paper_only),dropped,"According to §4.1, what relatively inexpensive technique is mentioned for detecting objects separately in static-camera settings such as surveillance or traffic installations?",background subtraction,osdi18-hsieh:p6:t1,osdi18-hsieh.pdf p.6,"other approximations (§2.1), while specialization of CNNs [43,75] uses the observation that a speciﬁc video stream contains only a small number of ob- ject classes and their appearance is more constrained than in a generic video (§2.2.2). Both optimizations are done automatically by Focus and together result in ingest-time CNNs that are up to 96× cheaper than the GT-CNN. The cheap ingest-time CNNs are less accurate, i.e., their top-most results often do not match the top-most classiﬁcations of GT-CNN. Therefore, to improve recall, Focus associates each object with the top-K classiﬁcation results of the cheap CNN, instead of only its top-most re- sult. Increasing K increases recall because the top-most re- sult of GT-CNN often falls within the ingest-time CNN’s top-K results. At query-time, Focus uses the GT-CNN to remove objects in this larger set that do not match the class, to regain the precision lost by including the top-K. 2) Clustering similar objects. A high value of K at ingest-time increases the work done at query time, thereby increasing query latency. To reduce this overhead, Focus clusters similar objects at ingest-time using feature vec- tors from the cheap ingest-time CNN (§2.2.3). In each cluster, at query-time, we run only the cluster centroid through GT-CNN and apply the classiﬁed result from the GT-CNN to all objects in the cluster. Thus, a tight cluster- ing of",judge: text states none of the reference facts,,
S013,P07,dropped(paper_only),dropped,"According to §4.1, what relatively inexpensive technique is mentioned for detecting objects separately in static-camera settings such as surveillance or traffic installations?",background subtraction,osdi18-hsieh:p6:t2,osdi18-hsieh.pdf p.6,"at ingest-time using feature vec- tors from the cheap ingest-time CNN (§2.2.3). In each cluster, at query-time, we run only the cluster centroid through GT-CNN and apply the classiﬁed result from the GT-CNN to all objects in the cluster. Thus, a tight cluster- ing of objects is crucial for high precision and recall. 3) Trading off ingest vs. query costs. Focus automati- cally chooses the ingest CNN, its K, and specialization and clustering parameters to achieve the desired precision and recall targets. These choices also help Focus trade off between the work done at ingest-time and query-time. For instance, to save ingest work, Focus can select a cheaper ingest-time CNN, and then counteract the resultant loss in recall by using a higher K and running the expensive GT-CNN on more objects at query time. Focus chooses its parameters so as to offer a sharp improvement in one of the two costs for a small degradation in the other cost. Be- cause the desired trade-off point is application-dependent, Focus provides users with options: “ingest-optimized”, “query-optimized”, and “balanced” (the default). Figure 1 (§1) presents an example result. 4. Video Ingest & Querying Techniques We describe the main techniques used in Focus: construct- ing approximate indexes with cheap CNNs at ingest-time (§4.1), specializing the CNNs to the speciﬁc videos (§4.2), and identifying similar objects and frames to save",judge: text states none of the reference facts,,
S014,P07,dropped(paper_only),dropped,"According to §4.1, what relatively inexpensive technique is mentioned for detecting objects separately in static-camera settings such as surveillance or traffic installations?",background subtraction,osdi18-hsieh:p6:t3,osdi18-hsieh.pdf p.6,"(§1) presents an example result. 4. Video Ingest & Querying Techniques We describe the main techniques used in Focus: construct- ing approximate indexes with cheap CNNs at ingest-time (§4.1), specializing the CNNs to the speciﬁc videos (§4.2), and identifying similar objects and frames to save on redundant CNN processing (§4.3). §4.4 describes how Focus ﬂexibly trades off ingest cost and query latency. 4.1. Approximate Index via Cheap Ingest Focus indexes the live videos at ingest-time to reduce the query-time latency. We detect and classify the objects within the frames of the live videos using ingest-time CNNs that are far cheaper than the ground-truth GT-CNN. We use these classiﬁcations to index objects by class. Cheap ingest-time CNN. As noted earlier, the user pro- vides Focus with a GT-CNN. Optionally, the user can also provide other CNN architectures to be used in Focus’ search for cheap CNNs. Examples include object detector CNNs (which vary in their resource costs and accura- cies) like YOLO [68] and Faster RCNN [69] that jointly detect the objects in a frame and classify them. Alterna- tively, objects can be detected separately using relatively inexpensive techniques like background subtraction [28], which are well-suited for static cameras, as in surveillance or trafﬁc installations, and then the detected objects can be classiﬁed using object classiﬁcation CNN architectures USENIX Association 13th USENIX Symposium on Operating Systems",judge said yes but could not quote a supporting span,,
S015,P07,dropped(paper_only),dropped,"According to §4.1, what relatively inexpensive technique is mentioned for detecting objects separately in static-camera settings such as surveillance or traffic installations?",background subtraction,osdi18-hsieh:p6:c0,osdi18-hsieh.pdf p.6,Figure 4: Overview of Focus.,judge: text states none of the reference facts,,
S016,P07,dropped(paper_only),dropped,"According to §4.1, what relatively inexpensive technique is mentioned for detecting objects separately in static-camera settings such as surveillance or traffic installations?",background subtraction,osdi18-hsieh:p6:t0,osdi18-hsieh.pdf p.6,"Objects Specialized, Compressed CNN Object top-K classes Object feature vectors Ingest-time Query-time Querying for class X Object clusters Frames with objects of class X GT-CNN CNN specialization Matching clusters for X Frames Frames Frames Top-K index Centroid objects IT1 IT2 IT3 IT4 QT2 QT1 QT3 QT4 Figure 4: Overview of Focus. The top-K ingest index is a mapping between the object classes and the clusters. In particular, we create a mapping from each object class to the clusters with top K matching object classes. Separately, we store the mapping between clusters and their corresponding objects and frames. The structure of the index is: object class →⟨cluster ID⟩ cluster ID →[centroid object, ⟨objects⟩in cluster, ⟨frame IDs⟩of objects] We next explain how Focus’ key techniques keep ingest cost and query latency low while also meeting the user- speciﬁed recall and precision targets. 1) Top-K index via cheap ingesting: Focus makes index- ing at ingest-time cheap by using compressed and special- ized alternatives of the GT-CNN for each video stream. Compression of CNNs [34, 42, 48, 78] uses fewer con- volutional layers and other approximations (§2.1), while specialization of CNNs [43,75] uses the observation that a speciﬁc video stream contains only a small number of ob- ject classes and their appearance is more constrained than in a generic video (§2.2.2). Both optimizations are done automatically by Focus and",judge: text states none of the reference facts,,
S017,P08,paper_only,dropped,"Which conference is listed for the paper ""Live video analytics at scale with approximation and delay-tolerance,"" and what numbered USENIX symposium on Operating Systems Design and Implementation appears in the evidence?","NSDI, 2017; 13th USENIX Symposium on Operating Systems Design and Implementation",osdi18-hsieh:p18:t2,osdi18-hsieh.pdf p.18,"notebook papers, 2010. [80] C. Snoek and M. Worring. Multimodal video index- ing: A review of the state-of-the-art. Multimedia Tools Appl., 2005. [81] C. G. M. Snoek and M. Worring. Concept-based video retrieval. Foundations and Trends in Informa- tion Retrieval, 2009. [82] S. Stober, D. J. Cameron, and J. A. Grahn. Using convolutional neural networks to recognize rhythm stimuli from electroencephalography recordings. In NIPS, 2014. [83] Y. Sun, X. Wang, and X. Tang. Deep convolutional network cascade for facial point detection. In CVPR, 2013. [84] C. Szegedy, W. Liu, Y. Jia, P. Sermanet, S. E. Reed, D. Anguelov, D. Erhan, V. Vanhoucke, and A. Rabi- novich. Going deeper with convolutions. In CVPR, 2015. [85] P.-N. Tan, M. Steinbach, and V. Kumar. Introduction to Data Mining, (First Edition). Addison-Wesley Longman Publishing Co., Inc., Boston, MA, USA, 2005. [86] N. Tatbul, U. Çetintemel, and S. B. Zdonik. Stay- ing FIT: efﬁcient load shedding techniques for dis- tributed stream processing. In VLDB, 2007. [87] Y. Tu, S. Liu, S. Prabhakar, and B. Yao. Load shed- ding in stream databases: A control-based approach. In VLDB, 2006. [88] P. A. Viola and M. J. Jones. Rapid object detection using a boosted cascade of simple features. In CVPR, 2001. [89] H. Xin, D. Lee, F. Hormozdiari, S. Yedkar, O. Mutlu, and C. Alkan. Accelerating read mapping with FastHASH. BMC Genomics, 2013.",judge: text states none of the reference facts,,
S018,P09,paper_only,kept,"Which 2006 TOMCCAP paper in the references is about content-based multimedia information retrieval, and who are its authors?","""Content-based multimedia information retrieval: State of the art and challenges"" by M. S. Lew, N. Sebe, C. Djeraba, and R. Jain.",osdi18-hsieh:p17:t2,osdi18-hsieh.pdf p.17,"networks for emotion recognition in video. In ICMI, 2013. [50] D. Kang, J. Emmons, F. Abuzaid, P. Bailis, and M. Zaharia. NoScope project website. https:// github.com/stanford-futuredata/noscope. [51] D. Kang, J. Emmons, F. Abuzaid, P. Bailis, and M. Zaharia. NoScope: Optimizing deep CNN-based queries over video streams at scale. PVLDB, 2017. [52] A. Karpathy, G. Toderici, S. Shetty, T. Leung, R. Sukthankar, and F. F. Li. Large-scale video clas- siﬁcation with convolutional neural networks. In CVPR, 2014. [53] A. Krizhevsky, I. Sutskever, and G. E. Hinton. Ima- geNet classiﬁcation with deep convolutional neural networks. In NIPS, 2012. [54] P. L. Lehman and S. B. Yao. Efﬁcient locking for concurrent operations on B-trees. ACM Trans. Database Syst., 1981. [55] M. S. Lew, N. Sebe, C. Djeraba, and R. Jain. Content-based multimedia information retrieval: State of the art and challenges. TOMCCAP, 2006. [56] H. Li, Z. Lin, X. Shen, J. Brandt, and G. Hua. A con- volutional neural network cascade for face detection. In CVPR, 2015. [57] Q. Li, W. Cai, X. Wang, Y. Zhou, D. D. Feng, and M. Chen. Medical image classiﬁcation with convo- lutional neural network. In ICARCV, 2014. [58] R. Lienhart and J. Maydt. An extended set of Haar- like features for rapid object detection. In ICIP, 2002. [59] T. Lin, P. Dollár, R. B. Girshick, K. He, B. Hariharan, and S. J. Belongie.","Content-based multimedia information retrieval: State of the art and challenges. TOMCCAP, 2006.",,
S019,P16,paper_only,kept,"In the surveillance example discussed in the 13th USENIX Symposium paper, which Focus design corresponds to the slide deck claim of reducing 5 hours to 2 mins/month/stream, and what ingest cost per month per stream does the paper report for that design?",Focus-Balance; $8/month/stream,osdi18_slides_hsieh:p22:t0,osdi18_slides_hsieh.pdf p.22,Average End-to-End Performance 22 0 0.2 0.4 0.6 0.8 1 0 0.2 0.4 0.6 0.8 1 Query Latency Ingest Cost Better Better NoScope (5 hours/month/stream) Ingest-heavy ($380/month/stream) Focus 162X Faster (5 hours ➔2 mins/month/stream) 57X Cheaper ($380➔$7/month/stream) Focus achieves low-latency query with low-cost ingest Balanced Opt-Ingest Opt-Query 0 0.005 0.01 0.015 0 0.01 0.02 0.03,Focus 162X Faster (5 hours ➔2 mins/month/stream),,
S020,P16,paper_only,dropped,"In the surveillance example discussed in the 13th USENIX Symposium paper, which Focus design corresponds to the slide deck claim of reducing 5 hours to 2 mins/month/stream, and what ingest cost per month per stream does the paper report for that design?",Focus-Balance; $8/month/stream,osdi18-hsieh:p3:t2,osdi18-hsieh.pdf p.3,"with the GT-CNN at query-time, and assign the same class to all objects in the cluster. This considerably reduces query latency. Clus- tering, in fact, identiﬁes redundant objects even across non-contiguous and temporally-distant frames. (3) Trading off ingest cost vs. query latency. Focus intelligently chooses its parameters (including K and the cheap ingest-time CNN) to meet user-speciﬁed targets on precision and recall. Among the parameter choices that meet the accuracy targets, it allows the user to trade off between ingest cost and query latency. For example, using a cheaper ingest CNN reduces the ingest cost but increases the query latency as Focus needs to use a larger K for the top-K index to achieve the accuracy targets. Focus automatically identiﬁes the “sweet spot” in parameters, which sharply improves one of ingest cost or query latency for a small worsening of the other. It also allows for policies to balance the two, depending on the fraction of videos the application expects to get queried. In summary, Focus’ ingest-time and query-time oper- ations are as follows. At ingest-time, Focus classiﬁes the detected objects using a cheap CNN, clusters simi- lar objects, and indexes each cluster centroid using the top-K most conﬁdent classiﬁcation results, where K is auto-selected based on the user-speciﬁed precision, recall, and cost/latency trade-off point. At query-time, Focus looks up the ingest index for cluster",judge: text states none of the reference facts,,
S021,P09,paper_only,dropped,"Which 2006 TOMCCAP paper in the references is about content-based multimedia information retrieval, and who are its authors?","""Content-based multimedia information retrieval: State of the art and challenges"" by M. S. Lew, N. Sebe, C. Djeraba, and R. Jain.",osdi18-hsieh:p17:t1,osdi18-hsieh.pdf p.17,"2015. [45] K. He, X. Zhang, S. Ren, and J. Sun. Deep residual learning for image recognition. In CVPR, 2016. [46] W. Hu, N. Xie, L. Li, X. Zeng, and S. J. Maybank. A survey on visual content-based video indexing and retrieval. IEEE Trans. Systems, Man, and Cybernet- ics, Part C, 2011. [47] G. B. Huang, M. Ramesh, T. Berg, and E. Learned- Miller. Labeled faces in the wild: A database for studying face recognition in unconstrained environ- ments. Technical Report 07-49, University of Mas- sachusetts, Amherst, October 2007. [48] M. Jaderberg, A. Vedaldi, and A. Zisserman. Speed- ing up convolutional neural networks with low rank expansions. CoRR, abs/1405.3866, 2014. [49] S. E. Kahou, C. J. Pal, X. Bouthillier, P. Frou- menty, Ç. Gülçehre, R. Memisevic, P. Vincent, A. C. Courville, Y. Bengio, R. C. Ferrari, M. Mirza, S. Jean, P. L. Carrier, Y. Dauphin, N. Boulanger- Lewandowski, A. Aggarwal, J. Zumer, P. Lamblin, J. Raymond, G. Desjardins, R. Pascanu, D. Warde- Farley, A. Torabi, A. Sharma, E. Bengio, K. R. Konda, and Z. Wu. Combining modality speciﬁc deep neural networks for emotion recognition in video. In ICMI, 2013. [50] D. Kang, J. Emmons, F. Abuzaid, P. Bailis, and M. Zaharia. NoScope project website. https:// github.com/stanford-futuredata/noscope. [51] D. Kang, J. Emmons, F. Abuzaid, P. Bailis, and M. Zaharia. NoScope: Optimizing deep CNN-based queries over video",judge: text states none of the reference facts,,
S022,P21,single_modality,kept,"In the key takeaway, what problem are they trying to solve, and according to the takeaways slide, by how much is Focus cheaper than ingest-time-only solutions?","They are trying to solve querying objects in massive videos, and Focus is 57X cheaper than ingest-time-only solutions.",osdi18_slides_hsieh:p26:t0,osdi18_slides_hsieh.pdf p.26,"Key Takeaways • Problem: Querying objects in massive videos is challenging • Our Approach: Low-latency query with low-cost ingest • Key Results • 57X (up to 92X) cheaper than ingest-time-only solutions • 162X (up to 607X) faster than state-of-the-art, query-time-only solutions 26 Objects Specialized, Compressed CNN CNN specialization Frames Frames Frames Top-K Index Ingest-time Query-time Querying for trucks Expensive CNN Frames with trucks Object clusters Top-K results Centroid objects",Problem: Querying objects in massive videos is challenging,,
S023,P24,single_modality,kept,"In the comparison discussed here, what monthly per-stream cost is associated with the ingest-heavy baseline that does analyzing live videos at ingest time, and what query time does the no-scope design take for a month-long video?",$380/month/stream; five hours,osdi18_slides_hsieh:p4:t0,osdi18_slides_hsieh.pdf p.4,Ingest Time Analysis: Too Costly • Analyzing live videos at ingest time can make query fast • But it is costly • Potentially wasteful (ingest all garage cameras vs. query one) 4 Ingest Query Object Class → [Frames] $380/month/stream,$380/month/stream,,
S024,P22,single_modality,kept,"According to the slide, Focus reduces query time to 2 mins per month per stream; in the spoken summary, what was the original query time in five hours, and how much does Focus spend per month per stream on ingest?",five hours; $7 per month per stream,hsieh:a34,hsieh.mp3 15:04-15:33,"In short, focus on average is 57 times cheaper than ingest heavy, which means that we only need to spend $7 per month per stream to ingest videos. And the query latency compared to no scope is 162 times faster. So now we only need to spend two minutes instead of five hours to query a month long video. So we can see the focus achieve low latency query with low cost ingest.",So now we only need to spend two minutes instead of five hours to query a month long video.,,
S025,P25,single_modality,dropped,"In the approach where expensive CNNs are run only when a user is interested in a particular video at a particular time, what lot-saving benefit is mentioned in the transcript, and according to the slide deck’s Query Time Analysis, how long is analyzing a month-long video still said to take?","It can save a lot of waste and money (and ingest time), and analyzing a month-long video still takes 5 hours.",osdi18_slides_hsieh:p5:g0,osdi18_slides_hsieh.pdf p.5,Query Time Analysis: Too Slow Loading... [| PRR a aR ara Ree,judge: text states none of the reference facts,,
S026,P13,single_modality,kept,"Before they dive into their solution, what very quick background does the speaker say they will give so everyone is on the same page?",a very quick background of convolutional neural networks,hsieh:a9,hsieh.mp3 3:50-4:18,"To be more specific, we want to build a system that we can process a lot of live videos at ingest time with a user provided CNN and accuracy target. And then at query time, when a user wants to query a particular object class, we return the frames very quickly. Before we dive in our solution, let me give a very quick background of convolutional neural networks so that we are on the same page.",let me give a very quick background of convolutional neural networks so that we are on the same page.,,
S027,P02,slides_only,kept,"In the slide's ranked comparison, what item is ranked 4th by the Expensive CNN and what item is ranked 2nd by the Cheap CNN?",Recreational vehicle; Airplane,osdi18_slides_hsieh:p12:g1,osdi18_slides_hsieh.pdf p.12,Challenge: Cheap CNNs are Less Accurate Rank | Expensive CNN Cheap CNN Truck Moving vanfg] Moving Van Airplane Passenger Car Truck Ww Recreational . Passenger Car vehicle 1.,Rank | Expensive CNN ... Recreational .,,
S028,P23,slides_only,kept,"In the truck example discussed versus the cheap CNN’s topmost output, what wrong label does the spoken transcript say the cheap CNN tell us, and what is the expensive CNN’s rank-4 result for that same input on the slide deck?","The cheap CNN’s topmost wrong label is moving van, and the expensive CNN’s rank-4 result is recreational vehicle.",osdi18_slides_hsieh:p12:g1,osdi18_slides_hsieh.pdf p.12,Challenge: Cheap CNNs are Less Accurate Rank | Expensive CNN Cheap CNN Truck Moving vanfg] Moving Van Airplane Passenger Car Truck Ww Recreational . Passenger Car vehicle 1.,Cheap CNN Truck Moving vanfg] Moving Van,,
S029,P23,slides_only,dropped,"In the truck example discussed versus the cheap CNN’s topmost output, what wrong label does the spoken transcript say the cheap CNN tell us, and what is the expensive CNN’s rank-4 result for that same input on the slide deck?","The cheap CNN’s topmost wrong label is moving van, and the expensive CNN’s rank-4 result is recreational vehicle.",osdi18_slides_hsieh:p12:t0,osdi18_slides_hsieh.pdf p.12,Challenge: Cheap CNNs are Less Accurate • Cheaper CNNs are less accurate than the expensive CNNs The best result from the expensive CNN is within the top-K results of the cheaper CNN 12 Rank Expensive CNN Cheap CNN 1 Truck Moving Van 2 Moving Van Airplane 3 Passenger Car Truck 4 Recreational vehicle Passenger Car,judge said yes but could not quote a supporting span,,
S030,P04,slides_only,kept,"In the slide about adding feature-based clustering, what label appears between ""CNN Specialization Frames"" and ""Objects Specialized"" that includes the term ""creatures""?",OA creatures aa,osdi18_slides_hsieh:p18:g0,osdi18_slides_hsieh.pdf p.18,"Adding Feature-based Clustering 3 CNN Specialization Frames OA creatures aa Objects Specialized, Ingest-time Reduce redundant work at m query time Querying for trucks | Centroid Se =e Top-K Index",OA creatures aa,,
S031,P23,slides_only,kept,"In the truck example discussed versus the cheap CNN’s topmost output, what wrong label does the spoken transcript say the cheap CNN tell us, and what is the expensive CNN’s rank-4 result for that same input on the slide deck?","The cheap CNN’s topmost wrong label is moving van, and the expensive CNN’s rank-4 result is recreational vehicle.",hsieh:a15,hsieh.mp3 6:36-7:00,"To be more precise, for example, if we have an input that is a truck, if we only look at the topmost output of these two, expensive CNN versus a cheap CNN, we can see that the expensive CNN in each example show the correct result, which is truck. But the cheap CNN tell us it's a moving van, which is wrong. To solve this problem, we make a key empirical observation.","But the cheap CNN tell us it's a moving van, which is wrong.",,
